Cluster,n_customers,avg_recency,avg_frequency,avg_monetary,total_revenue,pct_customers,pct_revenue
0,517,76.52998065764024,7.551257253384913,3815.6333767891683,1972682.4558,65.19546027742749,85.87331172870883
1,276,281.30797101449275,4.003623188405797,1175.791320652174,324518.4045,34.80453972257251,14.12668827129117
