{
  "MAE": 218.2449171754212,
  "RMSE": 1076.647775816477,
  "R2": 0.8691466739587088
}