{
  "MAE": 231.03959166640593,
  "RMSE": 1037.7834245656152,
  "R2": 0.8784231377151647
}