{
  "train": {
    "MAE": 0.04143289542739786,
    "RMSE": 0.09441755967359021,
    "R2": 0.9910979104023635
  },
  "test": {
    "MAE": 0.09069308694909538,
    "RMSE": 0.2963134278706728,
    "R2": 0.9415687896933564
  },
  "overfitting": false,
  "underfitting": false
}